season,team_id,team,source_rank,games_played,points,wins,draws,losses,goals_for,goals_against,source_url
2016,15362,Portland Thorns FC,1,20.0,41.0,12.0,5.0,3.0,35.0,19.0,https://site.web.api.espn.com/apis/v2/sports/soccer/usa.nwsl/standings?season=2016
2016,15365,Washington Spirit,2,20.0,39.0,12.0,3.0,5.0,30.0,21.0,https://site.web.api.espn.com/apis/v2/sports/soccer/usa.nwsl/standings?season=2016
2016,15360,Chicago Red Stars,3,20.0,33.0,9.0,6.0,5.0,24.0,20.0,https://site.web.api.espn.com/apis/v2/sports/soccer/usa.nwsl/standings?season=2016
2016,15366,Western New York Flash,4,20.0,32.0,9.0,5.0,6.0,40.0,26.0,https://site.web.api.espn.com/apis/v2/sports/soccer/usa.nwsl/standings?season=2016
2016,15363,Seattle Reign FC,5,20.0,30.0,8.0,6.0,6.0,29.0,21.0,https://site.web.api.espn.com/apis/v2/sports/soccer/usa.nwsl/standings?season=2016
2016,15361,FC Kansas City,6,20.0,26.0,7.0,5.0,8.0,18.0,20.0,https://site.web.api.espn.com/apis/v2/sports/soccer/usa.nwsl/standings?season=2016
2016,15364,Sky Blue FC,7,20.0,26.0,7.0,5.0,8.0,24.0,30.0,https://site.web.api.espn.com/apis/v2/sports/soccer/usa.nwsl/standings?season=2016
2016,17346,Houston Dash,8,20.0,22.0,6.0,4.0,10.0,29.0,29.0,https://site.web.api.espn.com/apis/v2/sports/soccer/usa.nwsl/standings?season=2016
2016,18206,Orlando Pride,9,20.0,19.0,6.0,1.0,13.0,20.0,30.0,https://site.web.api.espn.com/apis/v2/sports/soccer/usa.nwsl/standings?season=2016
2016,15359,Boston Breakers,10,20.0,11.0,3.0,2.0,15.0,14.0,47.0,https://site.web.api.espn.com/apis/v2/sports/soccer/usa.nwsl/standings?season=2016
2017,15366,North Carolina Courage,1,24.0,49.0,16.0,1.0,7.0,38.0,22.0,https://site.web.api.espn.com/apis/v2/sports/soccer/usa.nwsl/standings?season=2017
2017,15362,Portland Thorns FC,2,24.0,47.0,14.0,5.0,5.0,37.0,20.0,https://site.web.api.espn.com/apis/v2/sports/soccer/usa.nwsl/standings?season=2017
2017,18206,Orlando Pride,3,24.0,40.0,11.0,7.0,6.0,45.0,31.0,https://site.web.api.espn.com/apis/v2/sports/soccer/usa.nwsl/standings?season=2017
2017,15360,Chicago Red Stars,4,24.0,39.0,11.0,6.0,7.0,33.0,30.0,https://site.web.api.espn.com/apis/v2/sports/soccer/usa.nwsl/standings?season=2017
2017,15363,Seattle Reign FC,5,24.0,34.0,9.0,7.0,8.0,43.0,37.0,https://site.web.api.espn.com/apis/v2/sports/soccer/usa.nwsl/standings?season=2017
2017,15364,Sky Blue FC,6,24.0,33.0,10.0,3.0,11.0,42.0,51.0,https://site.web.api.espn.com/apis/v2/sports/soccer/usa.nwsl/standings?season=2017
2017,15361,FC Kansas City,7,24.0,31.0,8.0,7.0,9.0,29.0,31.0,https://site.web.api.espn.com/apis/v2/sports/soccer/usa.nwsl/standings?season=2017
2017,17346,Houston Dash,8,24.0,24.0,7.0,3.0,14.0,23.0,39.0,https://site.web.api.espn.com/apis/v2/sports/soccer/usa.nwsl/standings?season=2017
2017,15359,Boston Breakers,9,24.0,19.0,4.0,7.0,13.0,24.0,35.0,https://site.web.api.espn.com/apis/v2/sports/soccer/usa.nwsl/standings?season=2017
2017,15365,Washington Spirit,10,24.0,19.0,5.0,4.0,15.0,30.0,48.0,https://site.web.api.espn.com/apis/v2/sports/soccer/usa.nwsl/standings?season=2017
2018,15366,North Carolina Courage,1,24.0,57.0,17.0,6.0,1.0,53.0,17.0,https://site.web.api.espn.com/apis/v2/sports/soccer/usa.nwsl/standings?season=2018
2018,15362,Portland Thorns FC,2,24.0,42.0,12.0,6.0,6.0,40.0,28.0,https://site.web.api.espn.com/apis/v2/sports/soccer/usa.nwsl/standings?season=2018
2018,15363,Seattle Reign FC,3,24.0,41.0,11.0,8.0,5.0,27.0,19.0,https://site.web.api.espn.com/apis/v2/sports/soccer/usa.nwsl/standings?season=2018
2018,15360,Chicago Red Stars,4,24.0,37.0,9.0,10.0,5.0,38.0,28.0,https://site.web.api.espn.com/apis/v2/sports/soccer/usa.nwsl/standings?season=2018
2018,19141,Utah Royals,5,24.0,35.0,9.0,8.0,7.0,22.0,23.0,https://site.web.api.espn.com/apis/v2/sports/soccer/usa.nwsl/standings?season=2018
2018,17346,Houston Dash,6,24.0,32.0,9.0,5.0,10.0,35.0,39.0,https://site.web.api.espn.com/apis/v2/sports/soccer/usa.nwsl/standings?season=2018
2018,18206,Orlando Pride,7,24.0,30.0,8.0,6.0,10.0,30.0,37.0,https://site.web.api.espn.com/apis/v2/sports/soccer/usa.nwsl/standings?season=2018
2018,15365,Washington Spirit,8,24.0,11.0,2.0,5.0,17.0,12.0,35.0,https://site.web.api.espn.com/apis/v2/sports/soccer/usa.nwsl/standings?season=2018
2018,15364,Sky Blue FC,9,24.0,9.0,1.0,6.0,17.0,21.0,52.0,https://site.web.api.espn.com/apis/v2/sports/soccer/usa.nwsl/standings?season=2018
2019,15366,North Carolina Courage,1,24.0,49.0,15.0,4.0,5.0,54.0,23.0,https://site.web.api.espn.com/apis/v2/sports/soccer/usa.nwsl/standings?season=2019
2019,15360,Chicago Red Stars,2,24.0,44.0,14.0,2.0,8.0,41.0,28.0,https://site.web.api.espn.com/apis/v2/sports/soccer/usa.nwsl/standings?season=2019
2019,15362,Portland Thorns FC,3,24.0,40.0,11.0,7.0,6.0,40.0,31.0,https://site.web.api.espn.com/apis/v2/sports/soccer/usa.nwsl/standings?season=2019
2019,15363,Reign FC,4,24.0,38.0,10.0,8.0,6.0,27.0,27.0,https://site.web.api.espn.com/apis/v2/sports/soccer/usa.nwsl/standings?season=2019
2019,15365,Washington Spirit,5,24.0,34.0,9.0,7.0,8.0,30.0,25.0,https://site.web.api.espn.com/apis/v2/sports/soccer/usa.nwsl/standings?season=2019
2019,19141,Utah Royals,6,24.0,34.0,10.0,4.0,10.0,25.0,25.0,https://site.web.api.espn.com/apis/v2/sports/soccer/usa.nwsl/standings?season=2019
2019,17346,Houston Dash,7,24.0,26.0,7.0,5.0,12.0,21.0,36.0,https://site.web.api.espn.com/apis/v2/sports/soccer/usa.nwsl/standings?season=2019
2019,15364,Sky Blue FC,8,24.0,20.0,5.0,5.0,14.0,20.0,34.0,https://site.web.api.espn.com/apis/v2/sports/soccer/usa.nwsl/standings?season=2019
2019,18206,Orlando Pride,9,24.0,16.0,4.0,4.0,16.0,24.0,53.0,https://site.web.api.espn.com/apis/v2/sports/soccer/usa.nwsl/standings?season=2019
2021,15362,Portland Thorns FC,1,24.0,44.0,13.0,5.0,6.0,33.0,17.0,https://site.web.api.espn.com/apis/v2/sports/soccer/usa.nwsl/standings?season=2021
2021,15363,OL Reign,2,24.0,42.0,13.0,3.0,8.0,37.0,24.0,https://site.web.api.espn.com/apis/v2/sports/soccer/usa.nwsl/standings?season=2021
2021,15365,Washington Spirit,3,24.0,39.0,11.0,6.0,7.0,29.0,26.0,https://site.web.api.espn.com/apis/v2/sports/soccer/usa.nwsl/standings?season=2021
2021,15360,Chicago Red Stars,4,24.0,38.0,11.0,5.0,8.0,28.0,28.0,https://site.web.api.espn.com/apis/v2/sports/soccer/usa.nwsl/standings?season=2021
2021,15364,Gotham FC,5,24.0,35.0,8.0,11.0,5.0,29.0,21.0,https://site.web.api.espn.com/apis/v2/sports/soccer/usa.nwsl/standings?season=2021
2021,15366,North Carolina Courage,6,24.0,33.0,9.0,6.0,9.0,28.0,23.0,https://site.web.api.espn.com/apis/v2/sports/soccer/usa.nwsl/standings?season=2021
2021,17346,Houston Dash,7,24.0,32.0,9.0,5.0,10.0,31.0,31.0,https://site.web.api.espn.com/apis/v2/sports/soccer/usa.nwsl/standings?season=2021
2021,18206,Orlando Pride,8,24.0,28.0,7.0,7.0,10.0,27.0,32.0,https://site.web.api.espn.com/apis/v2/sports/soccer/usa.nwsl/standings?season=2021
2021,20905,Racing Louisville FC,9,24.0,22.0,5.0,7.0,12.0,21.0,40.0,https://site.web.api.espn.com/apis/v2/sports/soccer/usa.nwsl/standings?season=2021
2021,20907,Kansas City NWSL,10,24.0,16.0,3.0,7.0,14.0,15.0,36.0,https://site.web.api.espn.com/apis/v2/sports/soccer/usa.nwsl/standings?season=2021
2022,15363,OL Reign,1,22.0,40.0,11.0,7.0,4.0,32.0,19.0,https://site.web.api.espn.com/apis/v2/sports/soccer/usa.nwsl/standings?season=2022
2022,15362,Portland Thorns FC,2,22.0,39.0,10.0,9.0,3.0,49.0,24.0,https://site.web.api.espn.com/apis/v2/sports/soccer/usa.nwsl/standings?season=2022
2022,21423,San Diego Wave FC,3,22.0,36.0,10.0,6.0,6.0,32.0,21.0,https://site.web.api.espn.com/apis/v2/sports/soccer/usa.nwsl/standings?season=2022
2022,17346,Houston Dash,4,22.0,36.0,10.0,6.0,6.0,35.0,27.0,https://site.web.api.espn.com/apis/v2/sports/soccer/usa.nwsl/standings?season=2022
2022,20907,Kansas City Current,5,22.0,36.0,10.0,6.0,6.0,29.0,29.0,https://site.web.api.espn.com/apis/v2/sports/soccer/usa.nwsl/standings?season=2022
2022,15360,Chicago Red Stars,6,22.0,33.0,9.0,6.0,7.0,34.0,28.0,https://site.web.api.espn.com/apis/v2/sports/soccer/usa.nwsl/standings?season=2022
2022,15366,North Carolina Courage,7,22.0,32.0,9.0,5.0,8.0,46.0,33.0,https://site.web.api.espn.com/apis/v2/sports/soccer/usa.nwsl/standings?season=2022
2022,21422,Angel City FC,8,22.0,29.0,8.0,5.0,9.0,23.0,27.0,https://site.web.api.espn.com/apis/v2/sports/soccer/usa.nwsl/standings?season=2022
2022,20905,Racing Louisville FC,9,22.0,23.0,5.0,8.0,9.0,23.0,35.0,https://site.web.api.espn.com/apis/v2/sports/soccer/usa.nwsl/standings?season=2022
2022,18206,Orlando Pride,10,22.0,22.0,5.0,7.0,10.0,22.0,45.0,https://site.web.api.espn.com/apis/v2/sports/soccer/usa.nwsl/standings?season=2022
2022,15365,Washington Spirit,11,22.0,19.0,3.0,10.0,9.0,26.0,33.0,https://site.web.api.espn.com/apis/v2/sports/soccer/usa.nwsl/standings?season=2022
2022,15364,Gotham FC,12,22.0,13.0,4.0,1.0,17.0,16.0,46.0,https://site.web.api.espn.com/apis/v2/sports/soccer/usa.nwsl/standings?season=2022
2023,21423,San Diego Wave FC,1,22.0,37.0,11.0,4.0,7.0,31.0,22.0,https://site.web.api.espn.com/apis/v2/sports/soccer/usa.nwsl/standings?season=2023
2023,15362,Portland Thorns FC,2,22.0,35.0,10.0,5.0,7.0,42.0,32.0,https://site.web.api.espn.com/apis/v2/sports/soccer/usa.nwsl/standings?season=2023
2023,15366,North Carolina Courage,3,22.0,33.0,9.0,6.0,7.0,29.0,22.0,https://site.web.api.espn.com/apis/v2/sports/soccer/usa.nwsl/standings?season=2023
2023,15363,OL Reign,4,22.0,32.0,9.0,5.0,8.0,29.0,24.0,https://site.web.api.espn.com/apis/v2/sports/soccer/usa.nwsl/standings?season=2023
2023,21422,Angel City FC,5,22.0,31.0,8.0,7.0,7.0,31.0,30.0,https://site.web.api.espn.com/apis/v2/sports/soccer/usa.nwsl/standings?season=2023
2023,15364,Gotham FC,6,22.0,31.0,8.0,7.0,7.0,25.0,24.0,https://site.web.api.espn.com/apis/v2/sports/soccer/usa.nwsl/standings?season=2023
2023,18206,Orlando Pride,7,22.0,31.0,10.0,1.0,11.0,27.0,28.0,https://site.web.api.espn.com/apis/v2/sports/soccer/usa.nwsl/standings?season=2023
2023,15365,Washington Spirit,8,22.0,30.0,7.0,9.0,6.0,26.0,29.0,https://site.web.api.espn.com/apis/v2/sports/soccer/usa.nwsl/standings?season=2023
2023,20905,Racing Louisville FC,9,22.0,27.0,6.0,9.0,7.0,25.0,24.0,https://site.web.api.espn.com/apis/v2/sports/soccer/usa.nwsl/standings?season=2023
2023,17346,Houston Dash,10,22.0,26.0,6.0,8.0,8.0,16.0,18.0,https://site.web.api.espn.com/apis/v2/sports/soccer/usa.nwsl/standings?season=2023
2023,20907,Kansas City Current,11,22.0,26.0,8.0,2.0,12.0,30.0,36.0,https://site.web.api.espn.com/apis/v2/sports/soccer/usa.nwsl/standings?season=2023
2023,15360,Chicago Red Stars,12,22.0,24.0,7.0,3.0,12.0,28.0,50.0,https://site.web.api.espn.com/apis/v2/sports/soccer/usa.nwsl/standings?season=2023
2024,18206,Orlando Pride,1,26.0,60.0,18.0,6.0,2.0,46.0,20.0,https://site.web.api.espn.com/apis/v2/sports/soccer/usa.nwsl/standings?season=2024
2024,15365,Washington Spirit,2,26.0,56.0,18.0,2.0,6.0,51.0,28.0,https://site.web.api.espn.com/apis/v2/sports/soccer/usa.nwsl/standings?season=2024
2024,15364,Gotham FC,3,26.0,56.0,17.0,5.0,4.0,41.0,20.0,https://site.web.api.espn.com/apis/v2/sports/soccer/usa.nwsl/standings?season=2024
2024,20907,Kansas City Current,4,26.0,55.0,16.0,7.0,3.0,57.0,31.0,https://site.web.api.espn.com/apis/v2/sports/soccer/usa.nwsl/standings?season=2024
2024,15366,North Carolina Courage,5,26.0,39.0,12.0,3.0,11.0,34.0,28.0,https://site.web.api.espn.com/apis/v2/sports/soccer/usa.nwsl/standings?season=2024
2024,15362,Portland Thorns FC,6,26.0,34.0,10.0,4.0,12.0,37.0,35.0,https://site.web.api.espn.com/apis/v2/sports/soccer/usa.nwsl/standings?season=2024
2024,22187,Bay FC,7,26.0,34.0,11.0,1.0,14.0,31.0,41.0,https://site.web.api.espn.com/apis/v2/sports/soccer/usa.nwsl/standings?season=2024
2024,15360,Chicago Red Stars,8,26.0,32.0,10.0,2.0,14.0,31.0,38.0,https://site.web.api.espn.com/apis/v2/sports/soccer/usa.nwsl/standings?season=2024
2024,20905,Racing Louisville FC,9,26.0,28.0,7.0,7.0,12.0,33.0,39.0,https://site.web.api.espn.com/apis/v2/sports/soccer/usa.nwsl/standings?season=2024
2024,21423,San Diego Wave FC,10,26.0,25.0,6.0,7.0,13.0,24.0,35.0,https://site.web.api.espn.com/apis/v2/sports/soccer/usa.nwsl/standings?season=2024
2024,19141,Utah Royals,11,26.0,25.0,7.0,4.0,15.0,22.0,40.0,https://site.web.api.espn.com/apis/v2/sports/soccer/usa.nwsl/standings?season=2024
2024,21422,Angel City FC,12,26.0,24.0,7.0,6.0,13.0,29.0,42.0,https://site.web.api.espn.com/apis/v2/sports/soccer/usa.nwsl/standings?season=2024
2024,15363,Seattle Reign FC,13,26.0,23.0,6.0,5.0,15.0,27.0,44.0,https://site.web.api.espn.com/apis/v2/sports/soccer/usa.nwsl/standings?season=2024
2024,17346,Houston Dash,14,26.0,20.0,5.0,5.0,16.0,20.0,42.0,https://site.web.api.espn.com/apis/v2/sports/soccer/usa.nwsl/standings?season=2024
2025,20907,Kansas City Current,1,26.0,65.0,21.0,2.0,3.0,49.0,13.0,https://site.web.api.espn.com/apis/v2/sports/soccer/usa.nwsl/standings?season=2025
2025,15365,Washington Spirit,2,26.0,44.0,12.0,8.0,6.0,42.0,33.0,https://site.web.api.espn.com/apis/v2/sports/soccer/usa.nwsl/standings?season=2025
2025,15362,Portland Thorns FC,3,26.0,40.0,11.0,7.0,8.0,36.0,29.0,https://site.web.api.espn.com/apis/v2/sports/soccer/usa.nwsl/standings?season=2025
2025,18206,Orlando Pride,4,26.0,40.0,11.0,7.0,8.0,33.0,27.0,https://site.web.api.espn.com/apis/v2/sports/soccer/usa.nwsl/standings?season=2025
2025,15363,Seattle Reign FC,5,26.0,39.0,10.0,9.0,7.0,32.0,29.0,https://site.web.api.espn.com/apis/v2/sports/soccer/usa.nwsl/standings?season=2025
2025,21423,San Diego Wave FC,6,26.0,37.0,10.0,7.0,9.0,41.0,34.0,https://site.web.api.espn.com/apis/v2/sports/soccer/usa.nwsl/standings?season=2025
2025,20905,Racing Louisville FC,7,26.0,37.0,10.0,7.0,9.0,35.0,38.0,https://site.web.api.espn.com/apis/v2/sports/soccer/usa.nwsl/standings?season=2025
2025,15364,Gotham FC,8,26.0,36.0,9.0,9.0,8.0,35.0,25.0,https://site.web.api.espn.com/apis/v2/sports/soccer/usa.nwsl/standings?season=2025
2025,15366,North Carolina Courage,9,26.0,35.0,9.0,8.0,9.0,37.0,39.0,https://site.web.api.espn.com/apis/v2/sports/soccer/usa.nwsl/standings?season=2025
2025,17346,Houston Dash,10,26.0,30.0,8.0,6.0,12.0,27.0,39.0,https://site.web.api.espn.com/apis/v2/sports/soccer/usa.nwsl/standings?season=2025
2025,21422,Angel City FC,11,26.0,27.0,7.0,6.0,13.0,31.0,41.0,https://site.web.api.espn.com/apis/v2/sports/soccer/usa.nwsl/standings?season=2025
2025,19141,Utah Royals,12,26.0,25.0,6.0,7.0,13.0,28.0,42.0,https://site.web.api.espn.com/apis/v2/sports/soccer/usa.nwsl/standings?season=2025
2025,22187,Bay FC,13,26.0,20.0,4.0,8.0,14.0,26.0,41.0,https://site.web.api.espn.com/apis/v2/sports/soccer/usa.nwsl/standings?season=2025
2025,15360,Chicago Stars FC,14,26.0,20.0,3.0,11.0,12.0,32.0,54.0,https://site.web.api.espn.com/apis/v2/sports/soccer/usa.nwsl/standings?season=2025
2026,15364,Gotham FC,1,22.0,45.0,13.0,6.0,3.0,27.0,14.0,https://site.web.api.espn.com/apis/v2/sports/soccer/usa.nwsl/standings?season=2026
2026,15365,Washington Spirit,2,22.0,40.0,12.0,4.0,6.0,31.0,19.0,https://site.web.api.espn.com/apis/v2/sports/soccer/usa.nwsl/standings?season=2026
2026,19141,Utah Royals,3,22.0,39.0,12.0,3.0,7.0,39.0,28.0,https://site.web.api.espn.com/apis/v2/sports/soccer/usa.nwsl/standings?season=2026
2026,21423,San Diego Wave FC,4,22.0,39.0,12.0,3.0,7.0,32.0,25.0,https://site.web.api.espn.com/apis/v2/sports/soccer/usa.nwsl/standings?season=2026
2026,15362,Portland Thorns FC,5,22.0,38.0,11.0,5.0,6.0,36.0,30.0,https://site.web.api.espn.com/apis/v2/sports/soccer/usa.nwsl/standings?season=2026
2026,15366,North Carolina Courage,6,22.0,36.0,11.0,3.0,8.0,40.0,33.0,https://site.web.api.espn.com/apis/v2/sports/soccer/usa.nwsl/standings?season=2026
2026,20907,Kansas City Current,7,22.0,34.0,10.0,4.0,8.0,35.0,31.0,https://site.web.api.espn.com/apis/v2/sports/soccer/usa.nwsl/standings?season=2026
2026,15363,Seattle Reign FC,8,21.0,31.0,9.0,4.0,8.0,26.0,26.0,https://site.web.api.espn.com/apis/v2/sports/soccer/usa.nwsl/standings?season=2026
2026,21422,Angel City FC,9,21.0,29.0,8.0,5.0,8.0,32.0,24.0,https://site.web.api.espn.com/apis/v2/sports/soccer/usa.nwsl/standings?season=2026
2026,131563,Denver Summit FC,10,21.0,27.0,7.0,6.0,8.0,31.0,27.0,https://site.web.api.espn.com/apis/v2/sports/soccer/usa.nwsl/standings?season=2026
2026,17346,Houston Dash,11,22.0,26.0,7.0,5.0,10.0,28.0,30.0,https://site.web.api.espn.com/apis/v2/sports/soccer/usa.nwsl/standings?season=2026
2026,18206,Orlando Pride,12,22.0,26.0,8.0,2.0,12.0,26.0,33.0,https://site.web.api.espn.com/apis/v2/sports/soccer/usa.nwsl/standings?season=2026
2026,20905,Racing Louisville FC,13,22.0,23.0,7.0,2.0,13.0,34.0,43.0,https://site.web.api.espn.com/apis/v2/sports/soccer/usa.nwsl/standings?season=2026
2026,22187,Bay FC,14,21.0,22.0,6.0,4.0,11.0,21.0,28.0,https://site.web.api.espn.com/apis/v2/sports/soccer/usa.nwsl/standings?season=2026
2026,131562,Boston Legacy FC,15,22.0,20.0,5.0,5.0,12.0,26.0,39.0,https://site.web.api.espn.com/apis/v2/sports/soccer/usa.nwsl/standings?season=2026
2026,15360,Chicago Stars FC,16,22.0,16.0,5.0,1.0,16.0,13.0,47.0,https://site.web.api.espn.com/apis/v2/sports/soccer/usa.nwsl/standings?season=2026
